id;first_name;last_name;age;city;state;country;observations
1;Malinda;Effertz;82801;Grand Rapids;Peso Cambridgeshire invoice;Syrian Arab Republic;card circuit Islands
2;Otha;Konopelski;42337;Fadelport;open;Cape Verde;back-end parallelism Florida
3;Monte;Olson;42726;East Emmittshire;Loaf;Macao;Monitored ADP needs-based
4;Dulce;Robel;41041;Feestfort;Loaf Computers COM;Vanuatu;bottom-line up
5;Rhett;Bruen;77936;Schultzland;Books Face;Italy;Hat Car sticky
6;Myrtis;Dare;61494;Huntsville;bypass moderator;Israel;feed
7;Sammie;Nikolaus;94336;Schroederland;Freeway Sausages vortals;Guernsey;Borders
8;Lucienne;Bednar;2681;Gutkowskistad;paradigm;Ireland;SSL Islands port
9;Aisha;Kihn;52542;Brianshire;Berkshire;Sudan;markets Chair
10;Blanche;Murazik;98919;Lake Cordieside;intangible Cambridgeshire;Saint Martin;Home
